network,clustering,tipping_point
ER,0.01033929282627336,0.08
BA,0.018364587236353803,0.23
