network,clustering,tipping_point
ER,0.000745203820087721,0.27
BA,0.006534888825146507,0.17
