network,alpha,p0 (tipping)
ER,97.25539125460597,0.06096374392885102
BA,26.54202193066451,0.1563064761448298
