network,alpha,p0 (tipping)
ER,27.836312439944326,0.21627256801157516
BA,30.826712479761838,0.13999289586443295
